filename,ILP level<=1?,ILP runtime
n=8_r=600_l=2_m=120_0.txt,False,0.1656
n=8_r=600_l=2_m=120_1.txt,True,3.7249
n=8_r=600_l=2_m=120_2.txt,False,1.5125
n=8_r=600_l=2_m=120_3.txt,False,1.5728
n=8_r=600_l=2_m=120_4.txt,True,30.0834
n=8_r=600_l=2_m=120_5.txt,True,22.1069
n=8_r=600_l=2_m=120_6.txt,False,14.9568
n=8_r=600_l=2_m=120_7.txt,True,4.8041
n=8_r=600_l=2_m=120_8.txt,True,11.4283
n=8_r=600_l=2_m=120_9.txt,True,2.9466
n=8_r=600_l=2_m=120_10.txt,True,23.5051
n=8_r=600_l=2_m=120_11.txt,True,7.6392
n=8_r=600_l=2_m=120_12.txt,True,11.5499
n=8_r=600_l=2_m=120_13.txt,True,5.2027
n=8_r=600_l=2_m=120_14.txt,True,5.5549
n=8_r=600_l=2_m=120_15.txt,True,20.9601
n=8_r=600_l=2_m=120_16.txt,True,23.3082
n=8_r=600_l=2_m=120_17.txt,False,0.1839
n=8_r=600_l=2_m=120_18.txt,True,12.8151
n=8_r=600_l=2_m=120_19.txt,False,0.1785
n=8_r=600_l=2_m=120_20.txt,True,16.6440
n=8_r=600_l=2_m=120_21.txt,True,17.7174
n=8_r=600_l=2_m=120_22.txt,False,0.1633
n=8_r=600_l=2_m=120_23.txt,False,15.6187
n=8_r=600_l=2_m=120_24.txt,True,17.8471
n=8_r=600_l=2_m=120_25.txt,False,23.1613
n=8_r=600_l=2_m=120_26.txt,False,0.1762
n=8_r=600_l=2_m=120_27.txt,True,20.3975
n=8_r=600_l=2_m=120_28.txt,True,2.5898
n=8_r=600_l=2_m=120_29.txt,True,1.6393
n=8_r=600_l=2_m=120_30.txt,True,1.0391
n=8_r=600_l=2_m=120_31.txt,True,2.1076
n=8_r=600_l=2_m=120_32.txt,True,6.9209
n=8_r=600_l=2_m=120_33.txt,True,5.5923
n=8_r=600_l=2_m=120_34.txt,False,0.1581
n=8_r=600_l=2_m=120_35.txt,True,21.4956
n=8_r=600_l=2_m=120_36.txt,False,0.1794
n=8_r=600_l=2_m=120_37.txt,False,0.1707
n=8_r=600_l=2_m=120_38.txt,True,12.1876
n=8_r=600_l=2_m=120_39.txt,True,13.9228
n=8_r=600_l=2_m=120_40.txt,True,14.6798
n=8_r=600_l=2_m=120_41.txt,False,12.8342
n=8_r=600_l=2_m=120_42.txt,False,0.1552
n=8_r=600_l=2_m=120_43.txt,True,1.4664
n=8_r=600_l=2_m=120_44.txt,False,2.5523
n=8_r=600_l=2_m=120_45.txt,False,17.5129
n=8_r=600_l=2_m=120_46.txt,False,18.1610
n=8_r=600_l=2_m=120_47.txt,True,2.1435
n=8_r=600_l=2_m=120_48.txt,False,1.7755
n=8_r=600_l=2_m=120_49.txt,True,4.5763
n=8_r=600_l=2_m=120_50.txt,True,10.2591
n=8_r=600_l=2_m=120_51.txt,False,0.1813
n=8_r=600_l=2_m=120_52.txt,True,8.4411
n=8_r=600_l=2_m=120_53.txt,True,11.4809
n=8_r=600_l=2_m=120_54.txt,True,80.0012
n=8_r=600_l=2_m=120_55.txt,False,0.2607
n=8_r=600_l=2_m=120_56.txt,False,0.1638
n=8_r=600_l=2_m=120_57.txt,False,43.9449
n=8_r=600_l=2_m=120_58.txt,True,1.7099
n=8_r=600_l=2_m=120_59.txt,False,0.1559
n=8_r=600_l=2_m=120_60.txt,False,1.5939
n=8_r=600_l=2_m=120_61.txt,True,15.5273
n=8_r=600_l=2_m=120_62.txt,False,0.1521
n=8_r=600_l=2_m=120_63.txt,True,8.0701
n=8_r=600_l=2_m=120_64.txt,True,3.9980
n=8_r=600_l=2_m=120_65.txt,True,15.1904
n=8_r=600_l=2_m=120_66.txt,True,5.9687
n=8_r=600_l=2_m=120_67.txt,True,1.7932
n=8_r=600_l=2_m=120_68.txt,False,0.5292
n=8_r=600_l=2_m=120_69.txt,False,0.4152
n=8_r=600_l=2_m=120_70.txt,False,0.9539
n=8_r=600_l=2_m=120_71.txt,True,0.8794
n=8_r=600_l=2_m=120_72.txt,True,1.2492
n=8_r=600_l=2_m=120_73.txt,False,0.1947
n=8_r=600_l=2_m=120_74.txt,True,2.5888
n=8_r=600_l=2_m=120_75.txt,False,0.1610
n=8_r=600_l=2_m=120_76.txt,False,29.8334
n=8_r=600_l=2_m=120_77.txt,True,1.5618
n=8_r=600_l=2_m=120_78.txt,False,0.1589
n=8_r=600_l=2_m=120_79.txt,True,24.3418
n=8_r=600_l=2_m=120_80.txt,False,0.1741
n=8_r=600_l=2_m=120_81.txt,True,1.0478
n=8_r=600_l=2_m=120_82.txt,False,34.0559
n=8_r=600_l=2_m=120_83.txt,False,0.1819
n=8_r=600_l=2_m=120_84.txt,True,1.2497
n=8_r=600_l=2_m=120_85.txt,True,9.1544
n=8_r=600_l=2_m=120_86.txt,False,4.1267
n=8_r=600_l=2_m=120_87.txt,False,13.9536
n=8_r=600_l=2_m=120_88.txt,True,43.8686
n=8_r=600_l=2_m=120_89.txt,True,9.5792
n=8_r=600_l=2_m=120_90.txt,True,5.8911
n=8_r=600_l=2_m=120_91.txt,True,22.7950
n=8_r=600_l=2_m=120_92.txt,True,15.9934
n=8_r=600_l=2_m=120_93.txt,True,1.4030
n=8_r=600_l=2_m=120_94.txt,False,20.3943
n=8_r=600_l=2_m=120_95.txt,False,0.1646
n=8_r=600_l=2_m=120_96.txt,True,1.0461
n=8_r=600_l=2_m=120_97.txt,True,0.5848
n=8_r=600_l=2_m=120_98.txt,True,13.6977
n=8_r=600_l=2_m=120_99.txt,False,0.1656
